"WHEELS_OFF","Frequency","Proportion"
":1",40,0.000109009647353791
":10",27,7.35815119638088e-05
":11",28,7.63067531476536e-05
":12",19,5.17795824930506e-05
":13",10,2.72524118384477e-05
":14",13,3.5428135389982e-05
":15",13,3.5428135389982e-05
":16",20,5.45048236768954e-05
":17",22,5.99553060445849e-05
":18",19,5.17795824930506e-05
":19",19,5.17795824930506e-05
":2",28,7.63067531476536e-05
":20",16,4.36038589415163e-05
":21",17,4.63291001253611e-05
":22",14,3.81533765738268e-05
":23",10,2.72524118384477e-05
":24",17,4.63291001253611e-05
":25",14,3.81533765738268e-05
":26",15,4.08786177576716e-05
":27",11,2.99776530222925e-05
":28",8,2.18019294707582e-05
":29",18,4.90543413092059e-05
":3",28,7.63067531476536e-05
":30",13,3.5428135389982e-05
":31",16,4.36038589415163e-05
":32",15,4.08786177576716e-05
":33",19,5.17795824930506e-05
":34",16,4.36038589415163e-05
":35",16,4.36038589415163e-05
":36",11,2.99776530222925e-05
":37",13,3.5428135389982e-05
":38",9,2.45271706546029e-05
":39",10,2.72524118384477e-05
":4",28,7.63067531476536e-05
":40",14,3.81533765738268e-05
":41",16,4.36038589415163e-05
":42",19,5.17795824930506e-05
":43",3,8.17572355153431e-06
":44",17,4.63291001253611e-05
":45",17,4.63291001253611e-05
":46",13,3.5428135389982e-05
":47",11,2.99776530222925e-05
":48",14,3.81533765738268e-05
":49",21,5.72300648607402e-05
":5",41,0.000111734888537636
":50",14,3.81533765738268e-05
":51",14,3.81533765738268e-05
":52",16,4.36038589415163e-05
":53",15,4.08786177576716e-05
":54",15,4.08786177576716e-05
":55",17,4.63291001253611e-05
":56",10,2.72524118384477e-05
":57",13,3.5428135389982e-05
":58",19,5.17795824930506e-05
":59",15,4.08786177576716e-05
":6",32,8.72077178830326e-05
":7",29,7.90319943314983e-05
":8",24,6.54057884122745e-05
":9",21,5.72300648607402e-05
"1:00",17,4.63291001253611e-05
"1:01",14,3.81533765738268e-05
"1:02",14,3.81533765738268e-05
"1:03",14,3.81533765738268e-05
"1:04",8,2.18019294707582e-05
"1:05",12,3.27028942061372e-05
"1:06",15,4.08786177576716e-05
"1:07",18,4.90543413092059e-05
"1:08",18,4.90543413092059e-05
"1:09",8,2.18019294707582e-05
"1:10",17,4.63291001253611e-05
"1:11",11,2.99776530222925e-05
"1:12",9,2.45271706546029e-05
"1:13",9,2.45271706546029e-05
"1:14",11,2.99776530222925e-05
"1:15",8,2.18019294707582e-05
"1:16",7,1.90766882869134e-05
"1:17",12,3.27028942061372e-05
"1:18",14,3.81533765738268e-05
"1:19",13,3.5428135389982e-05
"1:20",10,2.72524118384477e-05
"1:21",5,1.36262059192239e-05
"1:22",13,3.5428135389982e-05
"1:23",13,3.5428135389982e-05
"1:24",16,4.36038589415163e-05
"1:25",13,3.5428135389982e-05
"1:26",13,3.5428135389982e-05
"1:27",14,3.81533765738268e-05
"1:28",12,3.27028942061372e-05
"1:29",10,2.72524118384477e-05
"1:30",11,2.99776530222925e-05
"1:31",5,1.36262059192239e-05
"1:32",13,3.5428135389982e-05
"1:33",5,1.36262059192239e-05
"1:34",7,1.90766882869134e-05
"1:35",11,2.99776530222925e-05
"1:36",7,1.90766882869134e-05
"1:37",6,1.63514471030686e-05
"1:38",7,1.90766882869134e-05
"1:39",5,1.36262059192239e-05
"1:40",8,2.18019294707582e-05
"1:41",6,1.63514471030686e-05
"1:42",10,2.72524118384477e-05
"1:43",4,1.09009647353791e-05
"1:44",4,1.09009647353791e-05
"1:45",4,1.09009647353791e-05
"1:46",7,1.90766882869134e-05
"1:47",6,1.63514471030686e-05
"1:48",2,5.45048236768954e-06
"1:49",3,8.17572355153431e-06
"1:50",3,8.17572355153431e-06
"1:51",4,1.09009647353791e-05
"1:52",4,1.09009647353791e-05
"1:53",2,5.45048236768954e-06
"1:54",9,2.45271706546029e-05
"1:55",7,1.90766882869134e-05
"1:56",9,2.45271706546029e-05
"1:57",5,1.36262059192239e-05
"1:58",3,8.17572355153431e-06
"1:59",8,2.18019294707582e-05
"10:00",382,0.0010410421322287
"10:01",389,0.00106011882051562
"10:02",380,0.00103559164986101
"10:03",405,0.00110372267945713
"10:04",397,0.00108192074998637
"10:05",450,0.00122635853273015
"10:06",459,0.00125088570338475
"10:07",446,0.00121545756799477
"10:08",474,0.00129176432114242
"10:09",441,0.00120183136207554
"10:10",422,0.00115005177958249
"10:11",422,0.00115005177958249
"10:12",402,0.0010955469559056
"10:13",424,0.00115550226195018
"10:14",410,0.00111734888537636
"10:15",452,0.00123180901509784
"10:16",433,0.00118002943260479
"10:17",432,0.00117730419142094
"10:18",449,0.0012236332915463
"10:19",455,0.00123998473864937
"10:20",457,0.00124543522101706
"10:21",447,0.00121818280917861
"10:22",454,0.00123725949746553
"10:23",454,0.00123725949746553
"10:24",437,0.00119093039734016
"10:25",434,0.00118275467378863
"10:26",431,0.0011745789502371
"10:27",420,0.0011446012972148
"10:28",436,0.00118820515615632
"10:29",443,0.00120728184444323
"10:30",455,0.00123998473864937
"10:31",441,0.00120183136207554
"10:32",423,0.00115277702076634
"10:33",431,0.0011745789502371
"10:34",454,0.00123725949746553
"10:35",477,0.00129994004469396
"10:36",480,0.00130811576824549
"10:37",464,0.00126451190930397
"10:38",505,0.00137624679784161
"10:39",488,0.00132991769771625
"10:40",468,0.00127541287403935
"10:41",464,0.00126451190930397
"10:42",499,0.00135989535073854
"10:43",501,0.00136534583310623
"10:44",459,0.00125088570338475
"10:45",454,0.00123725949746553
"10:46",479,0.00130539052706165
"10:47",468,0.00127541287403935
"10:48",434,0.00118275467378863
"10:49",446,0.00121545756799477
"10:50",452,0.00123180901509784
"10:51",436,0.00118820515615632
"10:52",455,0.00123998473864937
"10:53",435,0.00118547991497248
"10:54",450,0.00122635853273015
"10:55",427,0.00116367798550172
"10:56",429,0.00116912846786941
"10:57",432,0.00117730419142094
"10:58",431,0.0011745789502371
"10:59",439,0.00119638087970785
"11:00",411,0.0011200741265602
"11:01",473,0.00128903907995858
"11:02",468,0.00127541287403935
"11:03",481,0.00131084100942933
"11:04",491,0.00133809342126778
"11:05",430,0.00117185370905325
"11:06",486,0.00132446721534856
"11:07",502,0.00136807107429007
"11:08",483,0.00131629149179702
"11:09",459,0.00125088570338475
"11:10",442,0.00120455660325939
"11:11",452,0.00123180901509784
"11:12",497,0.00135444486837085
"11:13",473,0.00128903907995858
"11:14",466,0.00126996239167166
"11:15",483,0.00131629149179702
"11:16",479,0.00130539052706165
"11:17",465,0.00126723715048782
"11:18",502,0.00136807107429007
"11:19",481,0.00131084100942933
"11:20",492,0.00134081866245163
"11:21",488,0.00132991769771625
"11:22",474,0.00129176432114242
"11:23",472,0.00128631383877473
"11:24",500,0.00136262059192239
"11:25",499,0.00135989535073854
"11:26",455,0.00123998473864937
"11:27",447,0.00121818280917861
"11:28",463,0.00126178666812013
"11:29",499,0.00135989535073854
"11:30",470,0.00128086335640704
"11:31",452,0.00123180901509784
"11:32",484,0.00131901673298087
"11:33",469,0.0012781381152232
"11:34",470,0.00128086335640704
"11:35",464,0.00126451190930397
"11:36",473,0.00128903907995858
"11:37",494,0.00134626914481932
"11:38",506,0.00137897203902545
"11:39",470,0.00128086335640704
"11:40",487,0.0013271924565324
"11:41",459,0.00125088570338475
"11:42",434,0.00118275467378863
"11:43",434,0.00118275467378863
"11:44",459,0.00125088570338475
"11:45",445,0.00121273232681092
"11:46",369,0.00100561399683872
"11:47",429,0.00116912846786941
"11:48",442,0.00120455660325939
"11:49",418,0.00113915081484711
"11:50",441,0.00120183136207554
"11:51",470,0.00128086335640704
"11:52",453,0.00123453425628168
"11:53",440,0.0011991061208917
"11:54",426,0.00116095274431787
"11:55",435,0.00118547991497248
"11:56",456,0.00124270997983322
"11:57",464,0.00126451190930397
"11:58",432,0.00117730419142094
"11:59",405,0.00110372267945713
"12:00",448,0.00122090805036246
"12:01",404,0.00110099743827329
"12:02",390,0.00106284406169946
"12:03",430,0.00117185370905325
"12:04",371,0.00101106447920641
"12:05",401,0.00109282171472175
"12:06",372,0.00101378972039025
"12:07",377,0.00102741592630948
"12:08",368,0.00100288875565488
"12:09",372,0.00101378972039025
"12:10",362,0.000986537308551807
"12:11",355,0.000967460620264893
"12:12",334,0.000910230555404153
"12:13",350,0.00095383441434567
"12:14",336,0.000915681037771843
"12:15",327,0.00089115386711724
"12:16",331,0.000902054831852619
"12:17",351,0.000956559655529514
"12:18",369,0.00100561399683872
"12:19",341,0.000929307243691067
"12:20",349,0.000951109173161825
"12:21",366,0.000997438273287186
"12:22",384,0.00104649261459639
"12:23",369,0.00100561399683872
"12:24",333,0.000907505314220308
"12:25",346,0.00094293344961029
"12:26",349,0.000951109173161825
"12:27",373,0.0010165149615741
"12:28",343,0.000934757726058756
"12:29",338,0.000921131520139532
"12:30",365,0.000994713032103341
"12:31",390,0.00106284406169946
"12:32",362,0.000986537308551807
"12:33",371,0.00101106447920641
"12:34",359,0.000978361585000272
"12:35",387,0.00105466833814793
"12:36",365,0.000994713032103341
"12:37",325,0.00088570338474955
"12:38",354,0.000964735379081049
"12:39",380,0.00103559164986101
"12:40",387,0.00105466833814793
"12:41",362,0.000986537308551807
"12:42",361,0.000983812067367962
"12:43",359,0.000978361585000272
"12:44",351,0.000956559655529514
"12:45",357,0.000972911102632583
"12:46",364,0.000991987790919496
"12:47",386,0.00105194309696408
"12:48",373,0.0010165149615741
"12:49",367,0.00100016351447103
"12:50",404,0.00110099743827329
"12:51",377,0.00102741592630948
"12:52",383,0.00104376737341255
"12:53",370,0.00100833923802257
"12:54",401,0.00109282171472175
"12:55",397,0.00108192074998637
"12:56",424,0.00115550226195018
"12:57",375,0.00102196544394179
"12:58",424,0.00115550226195018
"12:59",433,0.00118002943260479
"13:00",396,0.00107919550880253
"13:01",438,0.00119365563852401
"13:02",438,0.00119365563852401
"13:03",459,0.00125088570338475
"13:04",458,0.0012481604622009
"13:05",446,0.00121545756799477
"13:06",469,0.0012781381152232
"13:07",486,0.00132446721534856
"13:08",496,0.00135171962718701
"13:09",474,0.00129176432114242
"13:10",472,0.00128631383877473
"13:11",445,0.00121273232681092
"13:12",456,0.00124270997983322
"13:13",470,0.00128086335640704
"13:14",429,0.00116912846786941
"13:15",446,0.00121545756799477
"13:16",422,0.00115005177958249
"13:17",419,0.00114187605603096
"13:18",391,0.00106556930288331
"13:19",399,0.00108737123235406
"13:20",371,0.00101106447920641
"13:21",379,0.00103286640867717
"13:22",374,0.00101924020275794
"13:23",408,0.00111189840300867
"13:24",378,0.00103014116749332
"13:25",416,0.00113370033247942
"13:26",410,0.00111734888537636
"13:27",374,0.00101924020275794
"13:28",395,0.00107647026761868
"13:29",392,0.00106829454406715
"13:30",380,0.00103559164986101
"13:31",384,0.00104649261459639
"13:32",376,0.00102469068512563
"13:33",416,0.00113370033247942
"13:34",377,0.00102741592630948
"13:35",395,0.00107647026761868
"13:36",394,0.00107374502643484
"13:37",341,0.000929307243691067
"13:38",404,0.00110099743827329
"13:39",360,0.000981086826184117
"13:40",366,0.000997438273287186
"13:41",345,0.000940208208426446
"13:42",372,0.00101378972039025
"13:43",331,0.000902054831852619
"13:44",334,0.000910230555404153
"13:45",349,0.000951109173161825
"13:46",346,0.00094293344961029
"13:47",389,0.00106011882051562
"13:48",350,0.00095383441434567
"13:49",375,0.00102196544394179
"13:50",384,0.00104649261459639
"13:51",384,0.00104649261459639
"13:52",386,0.00105194309696408
"13:53",365,0.000994713032103341
"13:54",366,0.000997438273287186
"13:55",349,0.000951109173161825
"13:56",350,0.00095383441434567
"13:57",355,0.000967460620264893
"13:58",344,0.000937482967242601
"13:59",375,0.00102196544394179
"14:00",356,0.000970185861448738
"14:01",377,0.00102741592630948
"14:02",398,0.00108464599117022
"14:03",435,0.00118547991497248
"14:04",444,0.00121000708562708
"14:05",429,0.00116912846786941
"14:06",466,0.00126996239167166
"14:07",471,0.00128358859759089
"14:08",453,0.00123453425628168
"14:09",428,0.00116640322668556
"14:10",420,0.0011446012972148
"14:11",471,0.00128358859759089
"14:12",450,0.00122635853273015
"14:13",394,0.00107374502643484
"14:14",411,0.0011200741265602
"14:15",410,0.00111734888537636
"14:16",392,0.00106829454406715
"14:17",369,0.00100561399683872
"14:18",367,0.00100016351447103
"14:19",382,0.0010410421322287
"14:20",359,0.000978361585000272
"14:21",359,0.000978361585000272
"14:22",330,0.000899329590668774
"14:23",380,0.00103559164986101
"14:24",340,0.000926582002507222
"14:25",322,0.000877527661198016
"14:26",369,0.00100561399683872
"14:27",350,0.00095383441434567
"14:28",366,0.000997438273287186
"14:29",384,0.00104649261459639
"14:30",402,0.0010955469559056
"14:31",410,0.00111734888537636
"14:32",406,0.00110644792064098
"14:33",420,0.0011446012972148
"14:34",440,0.0011991061208917
"14:35",400,0.00109009647353791
"14:36",410,0.00111734888537636
"14:37",424,0.00115550226195018
"14:38",477,0.00129994004469396
"14:39",437,0.00119093039734016
"14:40",423,0.00115277702076634
"14:41",413,0.00112552460892789
"14:42",444,0.00121000708562708
"14:43",416,0.00113370033247942
"14:44",433,0.00118002943260479
"14:45",448,0.00122090805036246
"14:46",443,0.00120728184444323
"14:47",447,0.00121818280917861
"14:48",426,0.00116095274431787
"14:49",459,0.00125088570338475
"14:50",424,0.00115550226195018
"14:51",434,0.00118275467378863
"14:52",439,0.00119638087970785
"14:53",436,0.00118820515615632
"14:54",427,0.00116367798550172
"14:55",404,0.00110099743827329
"14:56",416,0.00113370033247942
"14:57",416,0.00113370033247942
"14:58",415,0.00113097509129558
"14:59",429,0.00116912846786941
"15:00",472,0.00128631383877473
"15:01",446,0.00121545756799477
"15:02",436,0.00118820515615632
"15:03",442,0.00120455660325939
"15:04",483,0.00131629149179702
"15:05",442,0.00120455660325939
"15:06",418,0.00113915081484711
"15:07",445,0.00121273232681092
"15:08",400,0.00109009647353791
"15:09",455,0.00123998473864937
"15:10",429,0.00116912846786941
"15:11",417,0.00113642557366327
"15:12",384,0.00104649261459639
"15:13",419,0.00114187605603096
"15:14",403,0.00109827219708944
"15:15",426,0.00116095274431787
"15:16",429,0.00116912846786941
"15:17",385,0.00104921785578024
"15:18",429,0.00116912846786941
"15:19",431,0.0011745789502371
"15:20",419,0.00114187605603096
"15:21",399,0.00108737123235406
"15:22",390,0.00106284406169946
"15:23",409,0.00111462364419251
"15:24",427,0.00116367798550172
"15:25",384,0.00104649261459639
"15:26",416,0.00113370033247942
"15:27",387,0.00105466833814793
"15:28",361,0.000983812067367962
"15:29",371,0.00101106447920641
"15:30",404,0.00110099743827329
"15:31",388,0.00105739357933177
"15:32",416,0.00113370033247942
"15:33",418,0.00113915081484711
"15:34",437,0.00119093039734016
"15:35",427,0.00116367798550172
"15:36",413,0.00112552460892789
"15:37",426,0.00116095274431787
"15:38",437,0.00119093039734016
"15:39",446,0.00121545756799477
"15:40",398,0.00108464599117022
"15:41",398,0.00108464599117022
"15:42",435,0.00118547991497248
"15:43",435,0.00118547991497248
"15:44",440,0.0011991061208917
"15:45",428,0.00116640322668556
"15:46",426,0.00116095274431787
"15:47",414,0.00112824985011173
"15:48",393,0.00107101978525099
"15:49",385,0.00104921785578024
"15:50",384,0.00104649261459639
"15:51",389,0.00106011882051562
"15:52",380,0.00103559164986101
"15:53",358,0.000975636343816428
"15:54",364,0.000991987790919496
"15:55",369,0.00100561399683872
"15:56",379,0.00103286640867717
"15:57",375,0.00102196544394179
"15:58",394,0.00107374502643484
"15:59",385,0.00104921785578024
"16:00",373,0.0010165149615741
"16:01",397,0.00108192074998637
"16:02",394,0.00107374502643484
"16:03",400,0.00109009647353791
"16:04",394,0.00107374502643484
"16:05",415,0.00113097509129558
"16:06",398,0.00108464599117022
"16:07",387,0.00105466833814793
"16:08",404,0.00110099743827329
"16:09",384,0.00104649261459639
"16:10",348,0.00094838393197798
"16:11",342,0.000932032484874911
"16:12",354,0.000964735379081049
"16:13",372,0.00101378972039025
"16:14",339,0.000923856761323377
"16:15",324,0.000882978143565706
"16:16",334,0.000910230555404153
"16:17",334,0.000910230555404153
"16:18",318,0.000866626696462637
"16:19",292,0.000795770425682673
"16:20",337,0.000918406278955688
"16:21",341,0.000929307243691067
"16:22",325,0.00088570338474955
"16:23",320,0.000872077178830326
"16:24",322,0.000877527661198016
"16:25",322,0.000877527661198016
"16:26",325,0.00088570338474955
"16:27",349,0.000951109173161825
"16:28",357,0.000972911102632583
"16:29",306,0.0008339238022565
"16:30",335,0.000912955796587998
"16:31",371,0.00101106447920641
"16:32",375,0.00102196544394179
"16:33",378,0.00103014116749332
"16:34",396,0.00107919550880253
"16:35",392,0.00106829454406715
"16:36",396,0.00107919550880253
"16:37",380,0.00103559164986101
"16:38",406,0.00110644792064098
"16:39",407,0.00110917316182482
"16:40",379,0.00103286640867717
"16:41",402,0.0010955469559056
"16:42",382,0.0010410421322287
"16:43",398,0.00108464599117022
"16:44",376,0.00102469068512563
"16:45",359,0.000978361585000272
"16:46",411,0.0011200741265602
"16:47",399,0.00108737123235406
"16:48",413,0.00112552460892789
"16:49",427,0.00116367798550172
"16:50",435,0.00118547991497248
"16:51",417,0.00113642557366327
"16:52",377,0.00102741592630948
"16:53",418,0.00113915081484711
"16:54",420,0.0011446012972148
"16:55",415,0.00113097509129558
"16:56",402,0.0010955469559056
"16:57",416,0.00113370033247942
"16:58",445,0.00121273232681092
"16:59",426,0.00116095274431787
"17:00",388,0.00105739357933177
"17:01",398,0.00108464599117022
"17:02",434,0.00118275467378863
"17:03",432,0.00117730419142094
"17:04",435,0.00118547991497248
"17:05",433,0.00118002943260479
"17:06",428,0.00116640322668556
"17:07",445,0.00121273232681092
"17:08",400,0.00109009647353791
"17:09",435,0.00118547991497248
"17:10",414,0.00112824985011173
"17:11",387,0.00105466833814793
"17:12",426,0.00116095274431787
"17:13",365,0.000994713032103341
"17:14",365,0.000994713032103341
"17:15",397,0.00108192074998637
"17:16",394,0.00107374502643484
"17:17",378,0.00103014116749332
"17:18",368,0.00100288875565488
"17:19",345,0.000940208208426446
"17:20",371,0.00101106447920641
"17:21",359,0.000978361585000272
"17:22",348,0.00094838393197798
"17:23",310,0.000844824766991879
"17:24",350,0.00095383441434567
"17:25",355,0.000967460620264893
"17:26",337,0.000918406278955688
"17:27",323,0.000880252902381861
"17:28",360,0.000981086826184117
"17:29",378,0.00103014116749332
"17:30",368,0.00100288875565488
"17:31",346,0.00094293344961029
"17:32",392,0.00106829454406715
"17:33",386,0.00105194309696408
"17:34",365,0.000994713032103341
"17:35",371,0.00101106447920641
"17:36",381,0.00103831689104486
"17:37",354,0.000964735379081049
"17:38",387,0.00105466833814793
"17:39",361,0.000983812067367962
"17:40",350,0.00095383441434567
"17:41",355,0.000967460620264893
"17:42",335,0.000912955796587998
"17:43",337,0.000918406278955688
"17:44",397,0.00108192074998637
"17:45",355,0.000967460620264893
"17:46",363,0.000989262549735652
"17:47",349,0.000951109173161825
"17:48",390,0.00106284406169946
"17:49",361,0.000983812067367962
"17:50",365,0.000994713032103341
"17:51",403,0.00109827219708944
"17:52",377,0.00102741592630948
"17:53",412,0.00112279936774405
"17:54",370,0.00100833923802257
"17:55",431,0.0011745789502371
"17:56",391,0.00106556930288331
"17:57",411,0.0011200741265602
"17:58",413,0.00112552460892789
"17:59",433,0.00118002943260479
"18:00",447,0.00121818280917861
"18:01",457,0.00124543522101706
"18:02",475,0.00129448956232627
"18:03",463,0.00126178666812013
"18:04",496,0.00135171962718701
"18:05",456,0.00124270997983322
"18:06",422,0.00115005177958249
"18:07",441,0.00120183136207554
"18:08",435,0.00118547991497248
"18:09",466,0.00126996239167166
"18:10",437,0.00119093039734016
"18:11",455,0.00123998473864937
"18:12",438,0.00119365563852401
"18:13",433,0.00118002943260479
"18:14",414,0.00112824985011173
"18:15",410,0.00111734888537636
"18:16",404,0.00110099743827329
"18:17",431,0.0011745789502371
"18:18",416,0.00113370033247942
"18:19",441,0.00120183136207554
"18:20",385,0.00104921785578024
"18:21",390,0.00106284406169946
"18:22",382,0.0010410421322287
"18:23",374,0.00101924020275794
"18:24",373,0.0010165149615741
"18:25",349,0.000951109173161825
"18:26",366,0.000997438273287186
"18:27",370,0.00100833923802257
"18:28",339,0.000923856761323377
"18:29",367,0.00100016351447103
"18:30",375,0.00102196544394179
"18:31",354,0.000964735379081049
"18:32",374,0.00101924020275794
"18:33",360,0.000981086826184117
"18:34",368,0.00100288875565488
"18:35",397,0.00108192074998637
"18:36",389,0.00106011882051562
"18:37",406,0.00110644792064098
"18:38",398,0.00108464599117022
"18:39",366,0.000997438273287186
"18:40",352,0.000959284896713359
"18:41",346,0.00094293344961029
"18:42",356,0.000970185861448738
"18:43",349,0.000951109173161825
"18:44",361,0.000983812067367962
"18:45",345,0.000940208208426446
"18:46",330,0.000899329590668774
"18:47",338,0.000921131520139532
"18:48",360,0.000981086826184117
"18:49",330,0.000899329590668774
"18:50",358,0.000975636343816428
"18:51",342,0.000932032484874911
"18:52",358,0.000975636343816428
"18:53",356,0.000970185861448738
"18:54",328,0.000893879108301085
"18:55",359,0.000978361585000272
"18:56",335,0.000912955796587998
"18:57",344,0.000937482967242601
"18:58",331,0.000902054831852619
"18:59",361,0.000983812067367962
"19:00",344,0.000937482967242601
"19:01",351,0.000956559655529514
"19:02",336,0.000915681037771843
"19:03",388,0.00105739357933177
"19:04",392,0.00106829454406715
"19:05",378,0.00103014116749332
"19:06",352,0.000959284896713359
"19:07",360,0.000981086826184117
"19:08",344,0.000937482967242601
"19:09",306,0.0008339238022565
"19:10",311,0.000847550008175724
"19:11",317,0.000863901455278792
"19:12",288,0.000784869460947294
"19:13",318,0.000866626696462637
"19:14",298,0.000812121872785742
"19:15",275,0.000749441325557312
"19:16",314,0.000855725731727258
"19:17",281,0.00076579277266038
"19:18",274,0.000746716084373467
"19:19",272,0.000741265602005778
"19:20",282,0.000768518013844225
"19:21",284,0.000773968496211915
"19:22",268,0.000730364637270398
"19:23",240,0.000654057884122745
"19:24",280,0.000763067531476536
"19:25",253,0.000689486019512727
"19:26",246,0.000670409331225813
"19:27",284,0.000773968496211915
"19:28",263,0.000716738431351175
"19:29",241,0.00065678312530659
"19:30",237,0.000645882160571211
"19:31",263,0.000716738431351175
"19:32",250,0.000681310295961193
"19:33",250,0.000681310295961193
"19:34",268,0.000730364637270398
"19:35",262,0.00071401319016733
"19:36",285,0.00077669373739576
"19:37",240,0.000654057884122745
"19:38",245,0.000667684090041969
"19:39",237,0.000645882160571211
"19:40",232,0.000632255954651987
"19:41",262,0.00071401319016733
"19:42",244,0.000664958848858124
"19:43",253,0.000689486019512727
"19:44",261,0.000711287948983485
"19:45",258,0.000703112225431951
"19:46",240,0.000654057884122745
"19:47",230,0.000626805472284297
"19:48",260,0.00070856270779964
"19:49",246,0.000670409331225813
"19:50",240,0.000654057884122745
"19:51",243,0.000662233607674279
"19:52",263,0.000716738431351175
"19:53",277,0.000754891807925001
"19:54",252,0.000686760778328882
"19:55",272,0.000741265602005778
"19:56",282,0.000768518013844225
"19:57",291,0.000793045184498828
"19:58",288,0.000784869460947294
"19:59",318,0.000866626696462637
"2:00",5,1.36262059192239e-05
"2:01",2,5.45048236768954e-06
"2:02",4,1.09009647353791e-05
"2:03",5,1.36262059192239e-05
"2:04",5,1.36262059192239e-05
"2:05",4,1.09009647353791e-05
"2:06",2,5.45048236768954e-06
"2:07",4,1.09009647353791e-05
"2:08",1,2.72524118384477e-06
"2:09",1,2.72524118384477e-06
"2:10",5,1.36262059192239e-05
"2:11",2,5.45048236768954e-06
"2:12",3,8.17572355153431e-06
"2:13",2,5.45048236768954e-06
"2:15",4,1.09009647353791e-05
"2:16",1,2.72524118384477e-06
"2:17",1,2.72524118384477e-06
"2:18",1,2.72524118384477e-06
"2:19",3,8.17572355153431e-06
"2:20",4,1.09009647353791e-05
"2:22",1,2.72524118384477e-06
"2:23",1,2.72524118384477e-06
"2:24",2,5.45048236768954e-06
"2:26",1,2.72524118384477e-06
"2:27",2,5.45048236768954e-06
"2:28",1,2.72524118384477e-06
"2:29",1,2.72524118384477e-06
"2:30",1,2.72524118384477e-06
"2:31",1,2.72524118384477e-06
"2:32",2,5.45048236768954e-06
"2:34",4,1.09009647353791e-05
"2:36",2,5.45048236768954e-06
"2:37",2,5.45048236768954e-06
"2:38",2,5.45048236768954e-06
"2:41",1,2.72524118384477e-06
"2:42",2,5.45048236768954e-06
"2:43",1,2.72524118384477e-06
"2:47",1,2.72524118384477e-06
"2:48",1,2.72524118384477e-06
"2:49",2,5.45048236768954e-06
"2:50",1,2.72524118384477e-06
"2:51",1,2.72524118384477e-06
"2:53",2,5.45048236768954e-06
"2:54",1,2.72524118384477e-06
"2:55",4,1.09009647353791e-05
"2:58",1,2.72524118384477e-06
"2:59",2,5.45048236768954e-06
"20:00",289,0.000787594702131139
"20:01",308,0.000839374284624189
"20:02",320,0.000872077178830326
"20:03",297,0.000809396631601897
"20:04",328,0.000893879108301085
"20:05",310,0.000844824766991879
"20:06",293,0.000798495666866518
"20:07",337,0.000918406278955688
"20:08",302,0.000823022837521121
"20:09",326,0.000888428625933395
"20:10",307,0.000836649043440344
"20:11",296,0.000806671390418052
"20:12",311,0.000847550008175724
"20:13",298,0.000812121872785742
"20:14",284,0.000773968496211915
"20:15",297,0.000809396631601897
"20:16",291,0.000793045184498828
"20:17",301,0.000820297596337276
"20:18",301,0.000820297596337276
"20:19",285,0.00077669373739576
"20:20",275,0.000749441325557312
"20:21",294,0.000801220908050362
"20:22",281,0.00076579277266038
"20:23",282,0.000768518013844225
"20:24",275,0.000749441325557312
"20:25",243,0.000662233607674279
"20:26",273,0.000743990843189622
"20:27",231,0.000629530713468142
"20:28",254,0.000692211260696572
"20:29",260,0.00070856270779964
"20:30",260,0.00070856270779964
"20:31",261,0.000711287948983485
"20:32",264,0.000719463672535019
"20:33",256,0.000697661743064261
"20:34",243,0.000662233607674279
"20:35",245,0.000667684090041969
"20:36",241,0.00065678312530659
"20:37",268,0.000730364637270398
"20:38",254,0.000692211260696572
"20:39",227,0.000618629748732763
"20:40",233,0.000634981195835831
"20:41",253,0.000689486019512727
"20:42",251,0.000684035537145037
"20:43",222,0.000605003542813539
"20:44",238,0.000648607401755055
"20:45",209,0.000569575407423557
"20:46",219,0.000596827819262005
"20:47",220,0.000599553060445849
"20:48",235,0.000640431678203521
"20:49",239,0.0006513326429389
"20:50",247,0.000673134572409658
"20:51",255,0.000694936501880416
"20:52",250,0.000681310295961193
"20:53",246,0.000670409331225813
"20:54",238,0.000648607401755055
"20:55",247,0.000673134572409658
"20:56",246,0.000670409331225813
"20:57",275,0.000749441325557312
"20:58",252,0.000686760778328882
"20:59",255,0.000694936501880416
"21:00",244,0.000664958848858124
"21:01",266,0.000724914154902709
"21:02",272,0.000741265602005778
"21:03",261,0.000711287948983485
"21:04",255,0.000694936501880416
"21:05",270,0.000735815119638088
"21:06",249,0.000678585054777348
"21:07",248,0.000675859813593503
"21:08",255,0.000694936501880416
"21:09",238,0.000648607401755055
"21:10",242,0.000659508366490434
"21:11",252,0.000686760778328882
"21:12",229,0.000624080231100452
"21:13",226,0.000615904507548918
"21:14",213,0.000580476372158936
"21:15",203,0.000553223960320488
"21:16",215,0.000585926854526626
"21:17",216,0.00058865209571047
"21:18",212,0.000577751130975091
"21:19",204,0.000555949201504333
"21:20",211,0.000575025889791246
"21:21",194,0.000528696789665885
"21:22",189,0.000515070583746662
"21:23",204,0.000555949201504333
"21:24",209,0.000569575407423557
"21:25",173,0.000471466724805145
"21:26",195,0.00053142203084973
"21:27",176,0.00047964244835668
"21:28",178,0.000485092930724369
"21:29",174,0.00047419196598899
"21:30",161,0.000438763830599008
"21:31",163,0.000444214312966698
"21:32",156,0.000425137624679784
"21:33",147,0.000400610454025181
"21:34",132,0.00035973183626751
"21:35",143,0.000389709489289802
"21:36",150,0.000408786177576716
"21:37",141,0.000384259006922113
"21:38",114,0.000310677494958304
"21:39",117,0.000318853218509838
"21:40",100,0.000272524118384477
"21:41",117,0.000318853218509838
"21:42",119,0.000324303700877528
"21:43",108,0.000294326047855235
"21:44",115,0.000313402736142149
"21:45",96,0.000261623153649098
"21:46",109,0.00029705128903908
"21:47",97,0.000264348394832943
"21:48",97,0.000264348394832943
"21:49",98,0.000267073636016787
"21:50",90,0.000245271706546029
"21:51",80,0.000218019294707582
"21:52",76,0.000207118329972203
"21:53",82,0.000223469777075271
"21:54",91,0.000247996947729874
"21:55",94,0.000256172671281408
"21:56",94,0.000256172671281408
"21:57",81,0.000220744535891426
"21:58",91,0.000247996947729874
"21:59",84,0.000228920259442961
"22:00",93,0.000253447430097564
"22:01",87,0.000237095982994495
"22:02",70,0.000190766882869134
"22:03",76,0.000207118329972203
"22:04",90,0.000245271706546029
"22:05",91,0.000247996947729874
"22:06",80,0.000218019294707582
"22:07",83,0.000226195018259116
"22:08",67,0.0001825911593176
"22:09",71,0.000193492124052979
"22:10",81,0.000220744535891426
"22:11",57,0.000155338747479152
"22:12",78,0.000212568812339892
"22:13",72,0.000196217365236823
"22:14",64,0.000174415435766065
"22:15",65,0.00017714067694991
"22:16",78,0.000212568812339892
"22:17",62,0.000168964953398376
"22:18",67,0.0001825911593176
"22:19",52,0.000141712541559928
"22:20",72,0.000196217365236823
"22:21",69,0.000188041641685289
"22:22",67,0.0001825911593176
"22:23",64,0.000174415435766065
"22:24",75,0.000204393088788358
"22:25",78,0.000212568812339892
"22:26",64,0.000174415435766065
"22:27",59,0.000160789229846841
"22:28",63,0.000171690194582221
"22:29",71,0.000193492124052979
"22:30",64,0.000174415435766065
"22:31",68,0.000185316400501444
"22:32",75,0.000204393088788358
"22:33",74,0.000201667847604513
"22:34",58,0.000158063988662997
"22:35",65,0.00017714067694991
"22:36",65,0.00017714067694991
"22:37",81,0.000220744535891426
"22:38",59,0.000160789229846841
"22:39",74,0.000201667847604513
"22:40",78,0.000212568812339892
"22:41",75,0.000204393088788358
"22:42",77,0.000209843571156047
"22:43",69,0.000188041641685289
"22:44",64,0.000174415435766065
"22:45",69,0.000188041641685289
"22:46",67,0.0001825911593176
"22:47",70,0.000190766882869134
"22:48",80,0.000218019294707582
"22:49",59,0.000160789229846841
"22:50",68,0.000185316400501444
"22:51",55,0.000149888265111462
"22:52",56,0.000152613506295307
"22:53",52,0.000141712541559928
"22:54",54,0.000147163023927618
"22:55",56,0.000152613506295307
"22:56",51,0.000138987300376083
"22:57",52,0.000141712541559928
"22:58",67,0.0001825911593176
"22:59",65,0.00017714067694991
"23:00",55,0.000149888265111462
"23:01",62,0.000168964953398376
"23:02",44,0.00011991061208917
"23:03",65,0.00017714067694991
"23:04",60,0.000163514471030686
"23:05",57,0.000155338747479152
"23:06",48,0.000130811576824549
"23:07",47,0.000128086335640704
"23:08",48,0.000130811576824549
"23:09",45,0.000122635853273015
"23:10",42,0.00011446012972148
"23:11",50,0.000136262059192239
"23:12",24,6.54057884122745e-05
"23:13",32,8.72077178830326e-05
"23:14",31,8.44824766991879e-05
"23:15",36,9.81086826184117e-05
"23:16",30,8.17572355153431e-05
"23:17",44,0.00011991061208917
"23:18",31,8.44824766991879e-05
"23:19",38,0.000103559164986101
"23:20",33,8.99329590668774e-05
"23:21",41,0.000111734888537636
"23:22",44,0.00011991061208917
"23:23",36,9.81086826184117e-05
"23:24",38,0.000103559164986101
"23:25",32,8.72077178830326e-05
"23:26",40,0.000109009647353791
"23:27",40,0.000109009647353791
"23:28",26,7.0856270779964e-05
"23:29",33,8.99329590668774e-05
"23:30",27,7.35815119638088e-05
"23:31",23,6.26805472284297e-05
"23:32",25,6.81310295961193e-05
"23:33",27,7.35815119638088e-05
"23:34",30,8.17572355153431e-05
"23:35",21,5.72300648607402e-05
"23:36",31,8.44824766991879e-05
"23:37",29,7.90319943314983e-05
"23:38",26,7.0856270779964e-05
"23:39",29,7.90319943314983e-05
"23:40",33,8.99329590668774e-05
"23:41",25,6.81310295961193e-05
"23:42",27,7.35815119638088e-05
"23:43",32,8.72077178830326e-05
"23:44",31,8.44824766991879e-05
"23:45",23,6.26805472284297e-05
"23:46",25,6.81310295961193e-05
"23:47",23,6.26805472284297e-05
"23:48",29,7.90319943314983e-05
"23:49",26,7.0856270779964e-05
"23:50",28,7.63067531476536e-05
"23:51",27,7.35815119638088e-05
"23:52",33,8.99329590668774e-05
"23:53",29,7.90319943314983e-05
"23:54",34,9.26582002507222e-05
"23:55",34,9.26582002507222e-05
"23:56",34,9.26582002507222e-05
"23:57",37,0.000100833923802256
"23:58",28,7.63067531476536e-05
"23:59",38,0.000103559164986101
"24:00",25,6.81310295961193e-05
"3:02",1,2.72524118384477e-06
"3:03",1,2.72524118384477e-06
"3:05",2,5.45048236768954e-06
"3:11",1,2.72524118384477e-06
"3:12",1,2.72524118384477e-06
"3:13",1,2.72524118384477e-06
"3:17",1,2.72524118384477e-06
"3:21",1,2.72524118384477e-06
"3:25",1,2.72524118384477e-06
"3:28",1,2.72524118384477e-06
"3:29",3,8.17572355153431e-06
"3:31",2,5.45048236768954e-06
"3:32",1,2.72524118384477e-06
"3:34",2,5.45048236768954e-06
"3:35",3,8.17572355153431e-06
"3:36",3,8.17572355153431e-06
"3:37",1,2.72524118384477e-06
"3:38",2,5.45048236768954e-06
"3:39",5,1.36262059192239e-05
"3:40",1,2.72524118384477e-06
"3:41",3,8.17572355153431e-06
"3:42",4,1.09009647353791e-05
"3:43",2,5.45048236768954e-06
"3:45",3,8.17572355153431e-06
"3:46",2,5.45048236768954e-06
"3:47",2,5.45048236768954e-06
"3:48",3,8.17572355153431e-06
"3:50",1,2.72524118384477e-06
"3:51",1,2.72524118384477e-06
"3:52",1,2.72524118384477e-06
"3:54",1,2.72524118384477e-06
"4:31",1,2.72524118384477e-06
"4:38",1,2.72524118384477e-06
"4:41",2,5.45048236768954e-06
"4:46",1,2.72524118384477e-06
"4:53",1,2.72524118384477e-06
"4:58",1,2.72524118384477e-06
"4:59",3,8.17572355153431e-06
"5:00",6,1.63514471030686e-05
"5:01",5,1.36262059192239e-05
"5:02",12,3.27028942061372e-05
"5:03",12,3.27028942061372e-05
"5:04",18,4.90543413092059e-05
"5:05",19,5.17795824930506e-05
"5:06",21,5.72300648607402e-05
"5:07",22,5.99553060445849e-05
"5:08",20,5.45048236768954e-05
"5:09",18,4.90543413092059e-05
"5:10",19,5.17795824930506e-05
"5:11",24,6.54057884122745e-05
"5:12",17,4.63291001253611e-05
"5:13",23,6.26805472284297e-05
"5:14",18,4.90543413092059e-05
"5:15",16,4.36038589415163e-05
"5:16",11,2.99776530222925e-05
"5:17",7,1.90766882869134e-05
"5:18",18,4.90543413092059e-05
"5:19",12,3.27028942061372e-05
"5:20",21,5.72300648607402e-05
"5:21",15,4.08786177576716e-05
"5:22",22,5.99553060445849e-05
"5:23",16,4.36038589415163e-05
"5:24",17,4.63291001253611e-05
"5:25",22,5.99553060445849e-05
"5:26",20,5.45048236768954e-05
"5:27",31,8.44824766991879e-05
"5:28",27,7.35815119638088e-05
"5:29",20,5.45048236768954e-05
"5:30",33,8.99329590668774e-05
"5:31",30,8.17572355153431e-05
"5:32",31,8.44824766991879e-05
"5:33",46,0.000125361094456859
"5:34",43,0.000117185370905325
"5:35",45,0.000122635853273015
"5:36",63,0.000171690194582221
"5:37",44,0.00011991061208917
"5:38",59,0.000160789229846841
"5:39",47,0.000128086335640704
"5:40",48,0.000130811576824549
"5:41",56,0.000152613506295307
"5:42",60,0.000163514471030686
"5:43",46,0.000125361094456859
"5:44",39,0.000106284406169946
"5:45",30,8.17572355153431e-05
"5:46",42,0.00011446012972148
"5:47",54,0.000147163023927618
"5:48",49,0.000133536818008394
"5:49",49,0.000133536818008394
"5:50",58,0.000158063988662997
"5:51",59,0.000160789229846841
"5:52",41,0.000111734888537636
"5:53",47,0.000128086335640704
"5:54",55,0.000149888265111462
"5:55",63,0.000171690194582221
"5:56",58,0.000158063988662997
"5:57",64,0.000174415435766065
"5:58",81,0.000220744535891426
"5:59",80,0.000218019294707582
"6:00",98,0.000267073636016787
"6:01",153,0.00041696190112825
"6:02",211,0.000575025889791246
"6:03",295,0.000803946149234207
"6:04",388,0.00105739357933177
"6:05",467,0.00127268763285551
"6:06",519,0.00141440017441544
"6:07",541,0.00147435548046002
"6:08",556,0.00151523409821769
"6:09",537,0.00146345451572464
"6:10",538,0.00146617975690849
"6:11",493,0.00134354390363547
"6:12",480,0.00130811576824549
"6:13",457,0.00124543522101706
"6:14",462,0.00125906142693628
"6:15",425,0.00115822750313403
"6:16",378,0.00103014116749332
"6:17",409,0.00111462364419251
"6:18",422,0.00115005177958249
"6:19",402,0.0010955469559056
"6:20",399,0.00108737123235406
"6:21",391,0.00106556930288331
"6:22",365,0.000994713032103341
"6:23",395,0.00107647026761868
"6:24",400,0.00109009647353791
"6:25",385,0.00104921785578024
"6:26",370,0.00100833923802257
"6:27",349,0.000951109173161825
"6:28",351,0.000956559655529514
"6:29",307,0.000836649043440344
"6:30",354,0.000964735379081049
"6:31",398,0.00108464599117022
"6:32",386,0.00105194309696408
"6:33",402,0.0010955469559056
"6:34",401,0.00109282171472175
"6:35",364,0.000991987790919496
"6:36",376,0.00102469068512563
"6:37",395,0.00107647026761868
"6:38",374,0.00101924020275794
"6:39",339,0.000923856761323377
"6:40",352,0.000959284896713359
"6:41",357,0.000972911102632583
"6:42",300,0.000817572355153431
"6:43",299,0.000814847113969586
"6:44",281,0.00076579277266038
"6:45",276,0.000752166566741157
"6:46",255,0.000694936501880416
"6:47",256,0.000697661743064261
"6:48",304,0.00082847331988881
"6:49",254,0.000692211260696572
"6:50",261,0.000711287948983485
"6:51",254,0.000692211260696572
"6:52",227,0.000618629748732763
"6:53",240,0.000654057884122745
"6:54",257,0.000700386984248106
"6:55",218,0.00059410257807816
"6:56",248,0.000675859813593503
"6:57",237,0.000645882160571211
"6:58",239,0.0006513326429389
"6:59",274,0.000746716084373467
"7:00",293,0.000798495666866518
"7:01",353,0.000962010137897204
"7:02",409,0.00111462364419251
"7:03",472,0.00128631383877473
"7:04",523,0.00142530113915081
"7:05",592,0.0016133427808361
"7:06",656,0.00178775821660217
"7:07",609,0.00165967188096147
"7:08",687,0.00187224069330136
"7:09",645,0.00175778056357988
"7:10",649,0.00176868152831526
"7:11",587,0.00159971657491688
"7:12",598,0.00162969422793917
"7:13",604,0.00164604567504224
"7:14",559,0.00152340982176923
"7:15",545,0.0014852564451954
"7:16",540,0.00147163023927618
"7:17",507,0.0013816972802093
"7:18",482,0.00131356625061318
"7:19",466,0.00126996239167166
"7:20",473,0.00128903907995858
"7:21",455,0.00123998473864937
"7:22",428,0.00116640322668556
"7:23",465,0.00126723715048782
"7:24",409,0.00111462364419251
"7:25",428,0.00116640322668556
"7:26",400,0.00109009647353791
"7:27",403,0.00109827219708944
"7:28",357,0.000972911102632583
"7:29",351,0.000956559655529514
"7:30",371,0.00101106447920641
"7:31",360,0.000981086826184117
"7:32",372,0.00101378972039025
"7:33",368,0.00100288875565488
"7:34",380,0.00103559164986101
"7:35",410,0.00111734888537636
"7:36",415,0.00113097509129558
"7:37",389,0.00106011882051562
"7:38",352,0.000959284896713359
"7:39",386,0.00105194309696408
"7:40",345,0.000940208208426446
"7:41",332,0.000904780073036464
"7:42",343,0.000934757726058756
"7:43",280,0.000763067531476536
"7:44",297,0.000809396631601897
"7:45",302,0.000823022837521121
"7:46",292,0.000795770425682673
"7:47",235,0.000640431678203521
"7:48",265,0.000722188913718864
"7:49",248,0.000675859813593503
"7:50",240,0.000654057884122745
"7:51",241,0.00065678312530659
"7:52",243,0.000662233607674279
"7:53",267,0.000727639396086554
"7:54",270,0.000735815119638088
"7:55",238,0.000648607401755055
"7:56",237,0.000645882160571211
"7:57",254,0.000692211260696572
"7:58",249,0.000678585054777348
"7:59",310,0.000844824766991879
"8:00",317,0.000863901455278792
"8:01",322,0.000877527661198016
"8:02",356,0.000970185861448738
"8:03",427,0.00116367798550172
"8:04",461,0.00125633618575244
"8:05",478,0.0013026652858778
"8:06",504,0.00137352155665776
"8:07",492,0.00134081866245163
"8:08",538,0.00146617975690849
"8:09",503,0.00137079631547392
"8:10",468,0.00127541287403935
"8:11",476,0.00129721480351011
"8:12",454,0.00123725949746553
"8:13",497,0.00135444486837085
"8:14",438,0.00119365563852401
"8:15",440,0.0011991061208917
"8:16",449,0.0012236332915463
"8:17",420,0.0011446012972148
"8:18",373,0.0010165149615741
"8:19",429,0.00116912846786941
"8:20",420,0.0011446012972148
"8:21",384,0.00104649261459639
"8:22",366,0.000997438273287186
"8:23",379,0.00103286640867717
"8:24",422,0.00115005177958249
"8:25",371,0.00101106447920641
"8:26",389,0.00106011882051562
"8:27",350,0.00095383441434567
"8:28",403,0.00109827219708944
"8:29",398,0.00108464599117022
"8:30",429,0.00116912846786941
"8:31",405,0.00110372267945713
"8:32",426,0.00116095274431787
"8:33",444,0.00121000708562708
"8:34",465,0.00126723715048782
"8:35",468,0.00127541287403935
"8:36",457,0.00124543522101706
"8:37",452,0.00123180901509784
"8:38",479,0.00130539052706165
"8:39",448,0.00122090805036246
"8:40",470,0.00128086335640704
"8:41",429,0.00116912846786941
"8:42",425,0.00115822750313403
"8:43",443,0.00120728184444323
"8:44",416,0.00113370033247942
"8:45",404,0.00110099743827329
"8:46",420,0.0011446012972148
"8:47",446,0.00121545756799477
"8:48",412,0.00112279936774405
"8:49",409,0.00111462364419251
"8:50",442,0.00120455660325939
"8:51",424,0.00115550226195018
"8:52",413,0.00112552460892789
"8:53",380,0.00103559164986101
"8:54",368,0.00100288875565488
"8:55",402,0.0010955469559056
"8:56",413,0.00112552460892789
"8:57",347,0.000945658690794135
"8:58",399,0.00108737123235406
"8:59",368,0.00100288875565488
"9:00",391,0.00106556930288331
"9:01",422,0.00115005177958249
"9:02",430,0.00117185370905325
"9:03",461,0.00125633618575244
"9:04",466,0.00126996239167166
"9:05",442,0.00120455660325939
"9:06",447,0.00121818280917861
"9:07",464,0.00126451190930397
"9:08",465,0.00126723715048782
"9:09",480,0.00130811576824549
"9:10",465,0.00126723715048782
"9:11",458,0.0012481604622009
"9:12",472,0.00128631383877473
"9:13",461,0.00125633618575244
"9:14",435,0.00118547991497248
"9:15",450,0.00122635853273015
"9:16",411,0.0011200741265602
"9:17",393,0.00107101978525099
"9:18",406,0.00110644792064098
"9:19",388,0.00105739357933177
"9:20",443,0.00120728184444323
"9:21",405,0.00110372267945713
"9:22",420,0.0011446012972148
"9:23",408,0.00111189840300867
"9:24",410,0.00111734888537636
"9:25",385,0.00104921785578024
"9:26",400,0.00109009647353791
"9:27",428,0.00116640322668556
"9:28",414,0.00112824985011173
"9:29",411,0.0011200741265602
"9:30",426,0.00116095274431787
"9:31",392,0.00106829454406715
"9:32",408,0.00111189840300867
"9:33",409,0.00111462364419251
"9:34",404,0.00110099743827329
"9:35",385,0.00104921785578024
"9:36",420,0.0011446012972148
"9:37",392,0.00106829454406715
"9:38",369,0.00100561399683872
"9:39",374,0.00101924020275794
"9:40",410,0.00111734888537636
"9:41",366,0.000997438273287186
"9:42",338,0.000921131520139532
"9:43",378,0.00103014116749332
"9:44",370,0.00100833923802257
"9:45",377,0.00102741592630948
"9:46",392,0.00106829454406715
"9:47",367,0.00100016351447103
"9:48",385,0.00104921785578024
"9:49",384,0.00104649261459639
"9:50",390,0.00106284406169946
"9:51",387,0.00105466833814793
"9:52",422,0.00115005177958249
"9:53",402,0.0010955469559056
"9:54",381,0.00103831689104486
"9:55",384,0.00104649261459639
"9:56",373,0.0010165149615741
"9:57",375,0.00102196544394179
"9:58",368,0.00100288875565488
"9:59",361,0.000983812067367962
